id,ref,name_id,SERIAL_NO,date_IN_WorkShop,QTY,STATUS,technician_id,ISSUE_NOTE,DATE_OUT,REPAIR_ACTION,REGION,progress,Report,Polisa,Sequence_cat
1,AIS-23-04995,AIS COMPUTER SYSTEM PC,7GMC65J,1/1/2020,1,FEXIED,e.g.Ahmed Elhassan,"MOTHERBOARD PROBLEM, VIDEO GRAPHICS CARD PROBLEMREPAIR MOTHERBOARD (OK)",1/7/2020,<p>REPAIR MOTHERBOARD (OK)</p>,JEDDAH,SEND,The content of this cell is too long for an XLSX file (more than 32767 characters). Please use the CSV format for this export.,,
2,AIS-23-04996,VHF ANTENNA (BOAT),N/A,1/1/2020,1,DESTRUCTION,e.g.Ahmed Elhassan,NEED TO CHECKFROM JEDDAH,,<p>FROM JEDDAH</p>,JEDDAH,SEND,The content of this cell is too long for an XLSX file (more than 32767 characters). Please use the CSV format for this export.,,
3,AIS-23-04997,AIS CLASS A_SECURE (SEALED) - VDL 6000 (BOAT-TRANSPONDER),5.23-6100-15153,1/15/2020,1,REPLACING,e.g.Ahmed Elhassan,TRANSPONDER PROBLEM(CPU BOARD)REPLACE TRANSPONDER FROM JUBAIL 919 (ok) SENT BACK,1/20/2020,<p>REPLACE TRANSPONDER FROM JUBAIL 919 (ok) SENT BACK</p>,DAMAM,SEND,The content of this cell is too long for an XLSX file (more than 32767 characters). Please use the CSV format for this export.,,
4,AIS-23-04998,VHF ANTENNA (TOWER),142809233,1/22/2020,1,FEXIED,e.g.Ahmed Elhassan,CONNECTOR PROBLEMOK JUST CLEAN,,<p>OK JUST CLEAN</p>,TABUK,SEND,The content of this cell is too long for an XLSX file (more than 32767 characters). Please use the CSV format for this export.,,
5,AIS-23-04999,AIS CLASS A SECURE SYSTEM - VDL 6000 (BOAT-TRANSPONDER)OPEN,0.46-6000-30847,2/2/2020,1,DESTRUCTION,e.g.Ahmed Elhassan,CORRODED NOT REPAIRABLE (REPLACED WITH NEW ONE) SN: 1.01-6000-31118,2/17/2020,<p>NOT REPAIRABLE (REPLACED WITH NEW ONE) SN: 1.01-6000-31118</p>,JIZAN,SEND,The content of this cell is too long for an XLSX file (more than 32767 characters). Please use the CSV format for this export.,,
6,AIS-23-05000,POWER INTERFACE CABLE,N/A,2/2/2020,1,REPLACING,e.g.Ahmed Elhassan,CORRODEDNOT REPAIRABLE (REPLACED WITH NEW ONE) ,2/17/2020,<p>NOT REPAIRABLE (REPLACED WITH NEW ONE) </p>,JIZAN,SEND,,,
7,AIS-23-05001,DATA INTERFACE CABLE,N/A,2/2/2020,1,REPLACING,e.g.Ahmed Elhassan,CORRODEDNOT REPAIRABLE (REPLACED REPLACED WITH NEW ONE),2/17/2020,<p>NOT REPAIRABLE (REPLACED REPLACED WITH NEW ONE)</p>,JIZAN,SEND,,,
8,AIS-23-05002,AIS CLASS A SECURE SYSTEM - VDL 6000 (BOAT-TRANSPONDER)OPEN,0.45-6000-30726,2/5/2020,1,DESTRUCTION,e.g.Ahmed Elhassan,"WORKING FINE, BUT NO SENTINEL(OK) NOT PROGRAM WITH SENTINEL (WS)",2/9/2020,<p>(OK) NOT PROGRAM WITH SENTINEL (WS)</p>,JIZAN,SEND,The content of this cell is too long for an XLSX file (more than 32767 characters). Please use the CSV format for this export.,The content of this cell is too long for an XLSX file (more than 32767 characters). Please use the CSV format for this export.,
9,AIS-23-05003,CONNECTION UNIT BOX,10.42-6000-02204,2/5/2020,1,FEXIED,e.g.Ahmed Elhassan,"FUSE BUSTED,NEED FURTHER EXAMIN NEED TO REPLACE FUSE AND MKD CABLE (WS)",2/9/2020,<p>NEED TO REPLACE FUSE AND MKD CABLE (WS)</p>,JIZAN,SEND,The content of this cell is too long for an XLSX file (more than 32767 characters). Please use the CSV format for this export.,The content of this cell is too long for an XLSX file (more than 32767 characters). Please use the CSV format for this export.,
10,AIS-23-05004,MKD UNIT,10.47-6020-04093,2/5/2020,1,FEXIED,e.g.Ahmed Elhassan,WORKING GOODWORKING GOOD (WS),2/9/2020,<p>WORKING GOOD (WS)</p>,JIZAN,SEND,,,
11,AIS-23-05005,GETAC LAPTOP WITH CHARGER,RB763B0016,2/5/2020,1,FEXIED,e.g.Ahmed Elhassan,"WORKING GOOD, BATTERY PROBLEMWORKING GOOD (ALDEBARAN APP) (WS)",2/9/2020,<p>WORKING GOOD (ALDEBARAN APP) (WS)</p>,JIZAN,SEND,,,
12,AIS-23-05006,HORIZON W/O SENTINEL INCL. USB KEY,2246130-31107-05155,2/5/2020,1,FEXIED,e.g.Ahmed Elhassan,OKOK (WS),2/9/2020,<p>OK (WS)</p>,JIZAN,SEND,,,
13,AIS-23-05007,AIS CLASS A_SECURE (SEALED) - VDL 6000 (BOAT-TRANSPONDER),0.38-6000-10118,2/9/2020,1,FEXIED,e.g.Ahmed Elhassan,(ALARM)ok,2/13/2020,<p>ok</p>,JIZAN,SEND,,,
14,AIS-23-05008,MKD UNIT,10.34-6020-02947,2/9/2020,1,FEXIED,e.g.Ahmed Elhassan,REPLACED KEYPAD FROM OLD SPAREOK,2/13/2020,<p>OK</p>,JIZAN,SEND,The content of this cell is too long for an XLSX file (more than 32767 characters). Please use the CSV format for this export.,The content of this cell is too long for an XLSX file (more than 32767 characters). Please use the CSV format for this export.,
15,AIS-23-05009,FASS ADVANCE - VDL 6000,1.40-6500-01851,2/23/2020,1,FEXIED,e.g.Ahmed Elhassan,VHF PROBLEMOK (WS),3/5/2020,<p>OK (WS)</p>,TABUK,SEND,The content of this cell is too long for an XLSX file (more than 32767 characters). Please use the CSV format for this export.,The content of this cell is too long for an XLSX file (more than 32767 characters). Please use the CSV format for this export.,
16,AIS-23-05010,AIS CLASS A SECURE SYSTEM - VDL 6000 (BOAT-TRANSPONDER)OPEN,0.46-6000-30835,3/4/2020,1,FEXIED,e.g.Ahmed Elhassan,WORKING GOODTRANSPONDER SENT TO JIZA. REPLACEMENT FOR BOAT TRANSPONDER 1355. TRANS NUMBER SN: 0.48-6000-31024,10/12/2020,<p>TRANSPONDER SENT TO JIZA. REPLACEMENT FOR BOAT TRANSPONDER 1355. TRANS NUMBER SN: 0.48-6000-31024</p>,JIZAN,SEND,The content of this cell is too long for an XLSX file (more than 32767 characters). Please use the CSV format for this export.,The content of this cell is too long for an XLSX file (more than 32767 characters). Please use the CSV format for this export.,
17,AIS-23-05011,CONNECTION UNIT BOX,10.42-6040-02174,3/4/2020,1,FEXIED,e.g.Ahmed Elhassan,WORKING GOOD. (MKD INTERFACE CABLE IS CUT)FIX CUT CABLE,10/12/2020,"<p data-last-history-steps=""3235534621522137"">FIX CUT CABLE</p>",JIZAN,SEND,The content of this cell is too long for an XLSX file (more than 32767 characters). Please use the CSV format for this export.,The content of this cell is too long for an XLSX file (more than 32767 characters). Please use the CSV format for this export.,
18,AIS-23-05012,MKD UNIT,10.20-6020-02930,3/4/2020,1,FEXIED,e.g.Ahmed Elhassan,WORKING GOODCLEAN THE PORT (OK),10/12/2020,<p>CLEAN THE PORT (OK)</p>,JIZAN,SEND,The content of this cell is too long for an XLSX file (more than 32767 characters). Please use the CSV format for this export.,The content of this cell is too long for an XLSX file (more than 32767 characters). Please use the CSV format for this export.,
19,AIS-23-05013,GPS ANTENNA,N/A,3/4/2020,1,FEXIED,e.g.Ahmed Elhassan,WORKING GOODCLEAN THE PORT (OK),10/12/2020,<p>CLEAN THE PORT (OK)</p>,JIZAN,SEND,The content of this cell is too long for an XLSX file (more than 32767 characters). Please use the CSV format for this export.,The content of this cell is too long for an XLSX file (more than 32767 characters). Please use the CSV format for this export.,
20,AIS-23-05014,GPS ANTENNA,N/A,3/4/2020,1,FEXIED,e.g.Ahmed Elhassan,NEED TO REPLACE CABLES 2PCS. (CABLES ARE OLD AND NOT ADVISABLE TO USE) REMOVE FROM BOAT 433,10/12/2020,"<p data-last-history-steps=""263146173104328"">REMOVE FROM BOAT 433</p>",JIZAN,SEND,,,
21,AIS-23-05015,DATA INTERFACE CABLE,N/A,3/4/2020,1,FEXIED,e.g.Ahmed Elhassan,WORKING GOODWORKING GOOD (FIX ONE PIN),10/12/2020,<p>WORKING GOOD (FIX ONE PIN)</p>,JIZAN,SEND,The content of this cell is too long for an XLSX file (more than 32767 characters). Please use the CSV format for this export.,The content of this cell is too long for an XLSX file (more than 32767 characters). Please use the CSV format for this export.,
22,AIS-23-05016,DATA INTERFACE CABLE,N/A,3/4/2020,1,FEXIED,e.g.Ahmed Elhassan,WORKING GOODWORKING GOOD (FIX ONE PIN),10/12/2020,<p>WORKING GOOD (FIX ONE PIN)</p>,JIZAN,SEND,The content of this cell is too long for an XLSX file (more than 32767 characters). Please use the CSV format for this export.,The content of this cell is too long for an XLSX file (more than 32767 characters). Please use the CSV format for this export.,
23,AIS-23-05017,AIS CLASS A_SECURE (SEALED) - VDL 6000 (BOAT-TRANSPONDER),4.38-6100-15122,3/17/2020,1,FEXIED,e.g.Ahmed Elhassan,"SOMETIMES NOT WORKING, OIL IN ALL PORT CONNECTONSBOAT 1256",5/5/2020,<p>BOAT 1256</p>,JIZAN,SEND,,,
24,AIS-23-05018,GPS ANTENNA,20513170,3/17/2020,1,DESTRUCTION,e.g.Ahmed Elhassan,CORRODEDBOAT 1256,5/5/2020,<p>BOAT 1256</p>,JIZAN,SEND,,,
25,AIS-23-05019,AIS CLASS A SECURE SYSTEM - VDL 6000 (BOAT-TRANSPONDER)OPEN,0.48-6000-30985,3/22/2020,1,REPLACING,e.g.Ahmed Elhassan,FAULTY CPU BOARD (NEED TO REPLACE) OKBOAT 344 (REPLACED)SN: 0.46-6000-30797 ,10/4/2020,<p>BOAT 344 (REPLACED)SN: 0.46-6000-30797 </p>,DAMAM,SEND,,,
26,AIS-23-05020,AIS CLASS A SECURE SYSTEM - VDL 6000 (BOAT-TRANSPONDER)OPEN,0.45-6000-30775,3/22/2020,1,DESTRUCTION,e.g.Ahmed Elhassan,WORKING FINE (NO SENTINEL) OKBOAT 373 (REPLACED)SN:0.46-6000-30828,10/4/2020,<p>BOAT 373 (REPLACED)SN:0.46-6000-30828</p>,DAMAM,SEND,,,
27,AIS-23-05021,AIS COMPUTER SYSTEM PC,JGMC65J,5/11/2020,1,DESTRUCTION,e.g.Ahmed Elhassan,NO POWER/NOT LOADINGPOWER SWITCH PROBLEM/MOTHERBOARD (riyadhws) REPLACED WITH SPARE,,<p>POWER SWITCH PROBLEM/MOTHERBOARD (Riyadh ws) REPLACED WITH SPARE</p>,TABUK,SEND,,,
28,AIS-23-05022,AIS COMPUTER SYSTEM PC,2GMC65J,5/11/2020,1,FEXIED,e.g.Ahmed Elhassan,"CHANGE CMOS BATTERY (FROM OLD PC KHAFJI), CONFIGURE IP, CONFIGURE HORIZON APPLICATION SOFTWARE.TEST OK",5/15/2020,<p>TEST OK</p>,TABUK,SEND,,,
29,AIS-23-05023,FASS ADVANCE - VDL 6000,1.40-6500-01851,6/8/2020,1,FEXIED,e.g.Ahmed Elhassan,THE TRANSPONDER HAS NO POWERCHANGE POWER CABLE FOR TRANDSPONDER AND CASING FROM AL-LITH BASE STATION,6/22/2020,<p>CHANGE POWER CABLE FOR TRANDSPONDER AND CASING FROM AL-LITH BASE STATION</p>,TABUK,SEND,,,
30,AIS-23-05024,AIS CLASS A SECURE SYSTEM - VDL 6000 (BOAT-TRANSPONDER)OPEN,1.01-6000-31118,6/15/2020,1,REPLACING,e.g.Ahmed Elhassan,WATER INSIDE  THE TRANSPONDERNOT REPAIRABLE AND NEED TO REPLACE (REPLACED WITH 0.42-6000-3063 USED FROM STORE)OK,6/20/2020,<p>NOT REPAIRABLE AND NEED TO REPLACE (REPLACED WITH 0.42-6000-3063 USED FROM STORE)OK</p>,JIZAN,SEND,,,
31,AIS-23-05025,CONNECTION UNIT BOX,11.05-6040-02741,6/15/2020,1,REPLACING,e.g.Ahmed Elhassan,TOTALLY CORRODEDNOT REPAIRABLE(REPLACED WITH 10.42-6040-02336 USED FROM STORE)OK,6/20/2020,<p>NOT REPAIRABLE(REPLACED WITH 10.42-6040-02336 USED FROM STORE)OK</p>,JIZAN,SEND,,,
32,AIS-23-05026,MKD UNIT,10.45-6020-03701,6/15/2020,1,REPLACING,e.g.Ahmed Elhassan,NEED TO REPLACENOT REPAIRABLE(REPLACED WITH 10.20-6020-02881 USED FROM STORE)OK,6/20/2020,<p>NOT REPAIRABLE(REPLACED WITH 10.20-6020-02881 USED FROM STORE)OK</p>,JIZAN,SEND,,,
33,AIS-23-05027,GPS ANTENNA,N/A,6/15/2020,1,REPLACING,e.g.Ahmed Elhassan,NEED TO CLEAN/CHECKCLEAN THE PORT(REQUEST NEW GPS CONNECTOR 6PCS FROM STORE)OK,6/20/2020,<p>CLEAN THE PORT(REQUEST NEW GPS CONNECTOR 6PCS FROM STORE)OK</p>,JIZAN,SEND,,,
34,AIS-23-05028,DATA INTERFACE CABLE,N/A,6/15/2020,1,REPLACING,e.g.Ahmed Elhassan,NEED TO REPLACENOT REPAIRABLE(REPLACED NEW FROM STORE)OK,6/20/2020,<p>NOT REPAIRABLE(REPLACED NEW FROM STORE)OK</p>,JIZAN,SEND,,,
35,AIS-23-05029,POWER INTERFACE CABLE,N/A,6/15/2020,1,REPLACING,e.g.Ahmed Elhassan,NEED TO REPLACENOT REPAIRABLE (REPLACED NEW FROM STORE)OK,6/20/2020,<p>NOT REPAIRABLE (REPLACED NEW FROM STORE)OK</p>,JIZAN,SEND,,,
36,AIS-23-05030,AIS CLASS A_SECURE (SEALED) - VDL 6000 (BOAT-TRANSPONDER),4.38-6000-10112,9/13/2020,1,REPLACING,e.g.Ahmed Elhassan,"VHF CABLE, GPS CABLE, SEALED POWER AND MKD CABLE*NEED TO REQUEST PARTS, THIS TRANSPONDER HAD AN ISSUE WITH THE RX BOARD AND ITS NOT REPAIRABLE.  REPLACED THE TRANSPONDER FROM SPARE BOAT # 433 THAT CAME FROM JIZAN.(OK)",10/13/2020,"<p>*NEED TO REQUEST PARTS, THIS TRANSPONDER HAD AN ISSUE WITH THE RX BOARD AND ITS NOT REPAIRABLE.  REPLACED THE TRANSPONDER FROM SPARE BOAT # 433 THAT CAME FROM JIZAN.(OK)</p>",JIZAN,SEND,,,
37,AIS-23-05031,MKD UNIT,10.34-6020-02950,9/13/2020,1,REPLACING,e.g.Ahmed Elhassan,"BOAT 1355BGREQUEST PARTS: MKD, CABLE SET(SEALED), REPLACED(OK)",10/13/2020,"<p data-last-history-steps=""3664255410970367"">REQUEST PARTS: MKD, CABLE SET(SEALED), REPLACED(OK)</p>",JIZAN,SEND,,,
38,AIS-23-05032,AIS CLASS A_SECURE (SEALED) - VDL 6000 (BOAT-TRANSPONDER),4.38-6000-10118,9/13/2020,1,FEXIED,e.g.Ahmed Elhassan,BOAT 1349 (ARAMCO)REPLACED CONVERTER AND CLEANED PORTS(OK),10/13/2020,<p>REPLACED CONVERTER AND CLEANED PORTS(OK)</p>,JIZAN,SEND,,,
39,AIS-23-05033,MKD UNIT,10.34-6020-02947,9/13/2020,1,FEXIED,e.g.Ahmed Elhassan,WORKING GOODOK,,<p>OK</p>,JIZAN,SEND,,,
40,AIS-23-05034,AIS CLASS A_SECURE (SEALED) - VDL 6000 (BOAT-TRANSPONDER),4.38-6000-10121,9/27/2020,1,FEXIED,e.g.Ahmed Elhassan,BOAT # 1277REPLACED THE POWER CONVERTER FROM OLD SPARE(OK),10/13/2020,<p>REPLACED THE POWER CONVERTER FROM OLD SPARE(OK)</p>,JIZAN,SEND,,,
41,AIS-23-05035,UPS,20006051307,10/4/2020,1,REPLACING,e.g.Ahmed Elhassan,BATTERY FAULTYALREADY REPLACED (WS),,<p>ALREADY REPLACED (WS)</p>,DAMAM,SEND,,,
42,AIS-23-05036,AIS CLASS A SECURE SYSTEM - VDL 6000 (BOAT-TRANSPONDER)OPEN,0.526000-31062/6.22-610070213,10/4/2020,1,FEXIED,e.g.Ahmed Elhassan,7155 BOAT KHAFJITEST AND IT'S WORKING GOOD.,10/19/2020,<p>TEST AND IT'S WORKING GOOD.</p>,DAMAM,SEND,,,
43,AIS-23-05037,AIS CLASS A_SECURE (SEALED) - VDL 6000 (BOAT-TRANSPONDER),7.25-6100-15187/7.25-6000-10187/0.06-6000-3327,10/4/2020,1,FEXIED,e.g.Ahmed Elhassan,923 BOAT RASTANURACLEANED PORTS AND FIX THE POWER CONNECTION TO TRANSPONDER.(OK),10/19/2020,<p>CLEANED PORTS AND FIX THE POWER CONNECTION TO TRANSPONDER.(OK)</p>,DAMAM,SEND,,,
44,AIS-23-05038,AIS CLASS A_SECURE (SEALED) - VDL 6000 (BOAT-TRANSPONDER),5.40-6100-155184/5.40-6000-0.52-6000-31095,10/4/2020,1,FEXIED,e.g.Ahmed Elhassan,1173 BOAT RASTANURACLEANED PORTS AND FIX THE POWER CONNECTION TO TRANSPONDER.(OK),10/19/2020,<p>CLEANED PORTS AND FIX THE POWER CONNECTION TO TRANSPONDER.(OK)</p>,DAMAM,SEND,,,
45,AIS-23-05039,AIS CLASS A_SECURE (SEALED) - VDL 6000 (BOAT-TRANSPONDER),7.25-6100-15185,10/4/2020,1,FEXIED,e.g.Ahmed Elhassan,534 BOAT RASTANURACLEANED PORTS(OK),10/19/2020,<p>CLEANED PORTS(OK)</p>,DAMAM,SEND,,,
46,AIS-23-05040,MKD UNIT,10.47-6020-0207,10/4/2020,1,DESTRUCTION,e.g.Ahmed Elhassan,"1427CLEANED THE PORT,CHANGE LOCK SCREWS",10/19/2020,"<p>CLEANED THE PORT,CHANGE LOCK SCREWS</p>",DAMAM,SEND,,,
47,AIS-23-05041,MKD UNIT,10.45-6020-03839,10/4/2020,1,REPLACING,e.g.Ahmed Elhassan,1354 RASTANURAREPLACED (OK) SN: 10.20-6020-02945,10/19/2020,<p>REPLACED (OK) SN: 10.20-6020-02945</p>,DAMAM,SEND,,,
48,AIS-23-05042,MKD UNIT,10.45-6020-03726,10/18/2020,1,FEXIED,e.g.Ahmed Elhassan,CHANGED DISPLAYWORKING GOOD,11/5/2020,<p>WORKING GOOD</p>,ABHA,SEND,,,
49,AIS-23-05043,MKD UNIT,10.45-6020-03735,10/18/2020,1,FEXIED,e.g.Ahmed Elhassan,OK JUST CLEANED PORT,11/5/2020,<p>JUST CLEANED PORT</p>,ABHA,SEND,,,
50,AIS-23-05044,MKD UNIT,10.45-6020-03768,10/18/2020,1,FEXIED,e.g.Ahmed Elhassan,OK(riyadhWS)  JUST CLEANED PORT,11/5/2020,<p>JUST CLEANED PORT</p>,ABHA,SEND,,,
51,AIS-23-05045,MKD UNIT,10.20-6020-02937,10/18/2020,1,FEXIED,e.g.Ahmed Elhassan,WORKING GOOD  JUST CLEANED PORT,11/5/2020,<p>JUST CLEANED PORT</p>,ABHA,SEND,,,
52,AIS-23-05046,MKD UNIT,10.45-6020-03769,10/18/2020,1,FEXIED,e.g.Ahmed Elhassan,OK(riyadhWS)  JUST CLEANED PORT,,<p>JUST CLEANED PORT</p>,ABHA,SEND,,,
53,AIS-23-05047,AIS CLASS A_SECURE (SEALED) - VDL 6000 (BOAT-TRANSPONDER),"4.38-6100-15117,4.38-6000-10117",10/18/2020,1,FEXIED,e.g.Ahmed Elhassan,"WORKING GOODCHANGED DC BOARD FROM OLD SPARE, CHANGED INTERNAL CABLES, FIXED BOX BOLTS. (BOAT#: 1460/1471)",11/5/2020,"<p>CHANGED DC BOARD FROM OLD SPARE, CHANGED INTERNAL CABLES, FIXED BOX BOLTS. (BOAT#: 1460/1471)</p>",ABHA,SEND,,,
54,AIS-23-05048,AIS CLASS A_SECURE (SEALED) - VDL 6000 (BOAT-TRANSPONDER),"4.38-6100-15120,4.38-6000-10120",10/18/2020,1,FEXIED,e.g.Ahmed Elhassan,WORKING GOODFIXED BOLTS AND CLEANED PORTS (BOAT#: 2280/1459),11/5/2020,<p>FIXED BOLTS AND CLEANED PORTS (BOAT#: 2280/1459)</p>,ABHA,SEND,,,
55,AIS-23-05049,AIS CLASS A_SECURE (SEALED) - VDL 6000 (BOAT-TRANSPONDER),4.38-6000-10116,10/18/2002,1,FEXIED,e.g.Ahmed Elhassan,WORKING GOODCHANGED MKD AND DATA CABLE PORT FROM OLD SPARE(BOAT#:1470),11/5/2020,<p>CHANGED MKD AND DATA CABLE PORT FROM OLD SPARE(BOAT#:1470)</p>,ABHA,SEND,,,
56,AIS-23-05050,AIS CLASS A SECURE SYSTEM - VDL 6000 (BOAT-TRANSPONDER)OPEN,0.46-6000-30801,10/18/2020,1,FEXIED,e.g.Ahmed Elhassan,OK(riyadhWS)CLEANED PORTS,11/5/2020,<p>CLEANED PORTS</p>,ABHA,SEND,,,
57,AIS-23-05051,AIS CLASS A SECURE SYSTEM - VDL 6000 (BOAT-TRANSPONDER)OPEN,0.46-6000-30822,10/18/2020,1,FEXIED,e.g.Ahmed Elhassan,OK(riyadhWS)CLEANED PORTS,11/5/2020,<p>CLEANED PORTS</p>,ABHA,SEND,,,
58,AIS-23-05052,CONNECTION UNIT BOX,11.25-6040-03685,10/18/2020,1,FEXIED,e.g.Ahmed Elhassan,WORKING GOODJUST CLEANED,11/5/2020,<p>JUST CLEANED</p>,ABHA,SEND,,,
59,AIS-23-05053,CONNECTION UNIT BOX,11.25-6040-03654,10/18/2020,1,FEXIED,e.g.Ahmed Elhassan,WORKING GOODJUST CLEANED,11/5/2020,<p>JUST CLEANED</p>,ABHA,SEND,,,
60,AIS-23-05054,POWER INTERFACE CABLE (WATER RESISTANT),N/A,10/18/2020,3,REPLACING,e.g.Ahmed Elhassan,REPLACEDREPLACED WITH NEW ONE FROM STORE(OK),11/5/2020,<p>REPLACED WITH NEW ONE FROM STORE(OK)</p>,ABHA,SEND,,,
61,AIS-23-05055,MKD INTERFACE CABLE,N/A,10/18/2020,3,REPLACING,e.g.Ahmed Elhassan,REPLACEDREPLACED WITH NEW ONE FROM STORE(OK),11/5/2020,<p>REPLACED WITH NEW ONE FROM STORE(OK)</p>,ABHA,SEND,,,
62,AIS-23-05056,FASS ADVANCE - VDL 6000,"1.41-6500-01875, 9.49-6500-03083N9.49-6500-03055",11/15/2020,1,FEXIED,e.g.Ahmed Elhassan,riyadhworkshopNEED THE BACKUP PROGRAM/REPROGRAM  BY CNS COMPANY IN ORDER TO SOLVE THE ISSUE.,2/3/2021,<p>NEED THE BACKUP PROGRAM/REPROGRAM  BY CNS COMPANY IN ORDER TO SOLVE THE ISSUE.</p>,DAMAM,SEND,,,
63,AIS-23-05057,AIS CLASS A_SECURE (SEALED) - VDL 6000 (BOAT-TRANSPONDER),"8.50-6100-15189,8.50-6000-15189",11/15/2020,1,REPLACING,e.g.Ahmed Elhassan,"MKD INTERFACE IS NOT WORKING, PROBLEM IN TRANSPONDER ALSO. (BOAT# 581), REPLACED TRANSPONDER FROM JIZAN (BOAT 1251)SN-0.50-6000-31032. *FROM STORE REPAIRED.WITH SENTINEL.",2/3/2021,<p>REPLACED TRANSPONDER FROM JIZAN (BOAT 1251)SN-0.50-6000-31032. *FROM STORE REPAIRED.WITH SENTINEL.</p>,DAMAM,SEND,,,
64,AIS-23-05058,AIS CLASS A_SECURE (SEALED) - VDL 6000 (BOAT-TRANSPONDER),"8.50-6100-15188,8.50-6000-15188,CLASS A TRANSPNDR SN: 8.50-6000-40088",11/15/2020,1,REPLACING,e.g.Ahmed Elhassan,MKD INTERFACE IS WORKING FINE. (BOAT # 1313)REPLACED TRANSPONDER FROM STORE  *(BOAT 966BG)WITH SENTINEL. SN: 2.01-6000-30390 CLASS A SYSTEM SN: 6.42-6100-70271,2/3/2021,<p>REPLACED TRANSPONDER FROM STORE  *(BOAT 966BG)WITH SENTINEL. SN: 2.01-6000-30390 CLASS A SYSTEM SN: 6.42-6100-70271</p>,DAMAM,SEND,,,
65,AIS-23-05059,MKD UNIT,10.45-6020-03869,11/15/2020,1,FEXIED,e.g.Ahmed Elhassan,OKCLEANED PORTS,2/3/2021,<p>CLEANED PORTS</p>,DAMAM,SEND,,,
66,AIS-23-05060,MKD UNIT,10.47-6020-04201,11/15/2020,1,REPLACING,e.g.Ahmed Elhassan,"SHOWING ONLY ""CNS AIS SYSTEM"" IN THE DISPLAY.BOAT 581REPLACED MKD UNIT WITH SN: 10.09-6020-02180 *FROM STORE",2/3/2021,<p>REPLACED MKD UNIT WITH SN: 10.09-6020-02180 *FROM STORE</p>,DAMAM,SEND,,,
67,AIS-23-05061,MKD UNIT,10.52-6020-04222,11/15/2020,1,FEXIED,e.g.Ahmed Elhassan,OK boat no. 923CLEANED PORTS,2/3/2021,<p>CLEANED PORTS</p>,DAMAM,SEND,,,
68,AIS-23-05062,VHF ANTENNA (BOAT),CNS2500-081,11/15/2020,1,FEXIED,e.g.Ahmed Elhassan,NEW REQUEST,2/3/2021,<p>NEW REQUEST</p>,DAMAM,SEND,,,
69,AIS-23-05063,CABLE ROLLS FOR VHF ANTENNA 100M RG214,N/A,11/15/2020,1,DESTRUCTION,e.g.Ahmed Elhassan,OLD CABLE FOR VHFWS (not advisable to use again),,"<p data-last-history-steps=""3395448247776597"">WS (not advisable to use again)</p>",DAMAM,SEND,,,
70,AIS-23-05064,UPS,20006051307,11/15/2020,1,FEXIED,e.g.Ahmed Elhassan,"WORKING GOOD, USE IN AIS riyadhWORKSHOPREPLACED BATTERY AND CHECK RELAYS",11/23/2020,<p>REPLACED BATTERY AND CHECK RELAYS</p>,DAMAM,SEND,,,
71,AIS-23-05065,AIS CLASS A_SECURE (SEALED) - VDL 6000 (BOAT-TRANSPONDER),"4.38-6000-10115,4.38-6100-15115",11/24/2020,1,DESTRUCTION,e.g.Ahmed Elhassan,DAMAGED 12V POWER CABLEBOAT 1252 (ARAMCO) CLEANED PORT,12/8/2020,<p>BOAT 1252 (ARAMCO) CLEANED PORT</p>,JIZAN,SEND,,,
72,AIS-23-05066,AIS CLASS A_SECURE (SEALED) - VDL 6000 (BOAT-TRANSPONDER),"4.38-6100-15120,4.38-6000-10120, 10.45-6020-03735",11/30/2020,1,FEXIED,e.g.Ahmed Elhassan,"WORKING GOOD SEND TO ASEER BY SMSA + GPS CABLE 21MFIXED CONNECTOR PORT (BOAT # 2280, 1459)",12/23/2020,"<p data-last-history-steps=""3310512172430245"">FIXED CONNECTOR PORT (BOAT # 2280, 1459)</p>",ABHA,SEND,,,
73,AIS-23-05067,AIS CLASS A SECURE SYSTEM - VDL 6000 (BOAT-TRANSPONDER)OPEN,"0.46-6000-30848, 0.45-6000-30734",12/15/2020,2,FEXIED,e.g.Ahmed Elhassan,WORKING GOODCLEANED PORTS,1/19/2021,<p>CLEANED PORTS</p>,JEDDAH,SEND,,,
74,AIS-23-05068,AIS- SMART UPS 3000,AS1204146819,,1,FEXIED,e.g.Ahmed Elhassan,TEST AND WORKING GOOD(AL-LITH)REPLACED 8 PCS. BATTERIES,12/28/2020,<p>REPLACED 8 PCS. BATTERIES</p>,JEDDAH,SEND,,,
75,AIS-23-05069,AIS- SMART UPS 3000,AS1204146815,,1,REPLACING,TECH.Charles Zalun,TEST AND WORKING GOOD(UMLUJ)REPLACED 8 PCS. BATTERIES,1/7/2021,<p>REPLACED 8 PCS. BATTERIES</p>,TABUK,SEND,,,
76,AIS-23-05070,MKD INTERFACE CABLE(WATER RESISTANT),1252 BOAT,1/20/2021,1,DESTRUCTION,TECH.Charles Zalun,COVER MISSINGNEED REPLACEMENT (NO STOCK IN STORE),,<p>NEED REPLACEMENT (NO STOCK IN STORE)</p>,JIZAN,SEND,,,
77,AIS-23-05071,MKD INTERFACE CABLE,10.42-6040-02273,2/4/2021,1,REPLACING,TECH.Charles Zalun,SOMETIMES NO POWER OUTPUT FOR MKDCHANGED BOARD FROM OLD SPARE (ok),2/25/2021,"<p data-last-history-steps=""1668815645600260"">CHANGED BOARD FROM OLD SPARE (ok)</p>",JEDDAH,SEND,,,
78,AIS-23-05072,MKD UNIT,5.49-6020-01418,2/4/2021,1,REPLACING,TECH.Charles Zalun,WORKING GOODCHANGED CONNECTION PORT FROM OLD MKD (WORKING GOOD),2/25/2021,<p>CHANGED CONNECTION PORT FROM OLD MKD (WORKING GOOD)</p>,JEDDAH,SEND,,,
79,AIS-23-05073,MKD UNIT,10.45-6020-03857,2/4/2021,1,REPLACING,TECH.Charles Zalun,REPLACEDBOARD DAMAGE FROM CORROTION(need to replace)Replaced with MKD 10.45-6020-03820(from jizan 1343),2/25/2021,<p>BOARD DAMAGE FROM CORROTION(need to replace)Replaced with MKD 10.45-6020-03820(from jizan 1343)</p>,JEDDAH,SEND,,,
80,AIS-23-05074,MKD UNIT,10.45-6020-03865,2/4/2021,1,REPLACING,TECH.Charles Zalun,OKCHANGED CONNECTION PORT FROM OLD MKD (OK),2/25/2021,<p>CHANGED CONNECTION PORT FROM OLD MKD (OK)</p>,JEDDAH,SEND,,,
81,AIS-23-05075,MKD UNIT,10.45-6020-03749,2/4/2021,1,REPLACING,TECH.Charles Zalun,REPLACEDBOARD DAMAGED FROM CORROTION (need to replace)Replaced with MKD 10.45-6020-03911(new from store),2/25/2021,<p>BOARD DAMAGED FROM CORROTION (need to replace)Replaced with MKD 10.45-6020-03911(new from store)</p>,JEDDAH,SEND,,,
82,AIS-23-05076,AIS CLASS A SECURE SYSTEM - VDL 6000 (BOAT-TRANSPONDER)OPEN,0.45-6000-30739,2/14/2021,1,DESTRUCTION,TECH.Charles Zalun,"BOAT NAME: RAMIN-250MMSI #: 403323000 (riyadhworkshop)WAITING FOR NEW FIRMWARE, SENT BACK TO JIZAN",6/14/2021,"<p>MMSI #: 403323000 (Riyadh workshop)WAITING FOR NEW FIRMWARE, SENT BACK TO JIZAN</p>",JIZAN,SEND,,,
83,AIS-23-05077,AIS CLASS A_SECURE (SEALED) - VDL 6000 (BOAT-TRANSPONDER),"4.38-6000-10130, 31000(TRANSPONDER), 4.38-6100-15130(SYSTEM)",2/14/2021,1,FEXIED,TECH.Charles Zalun,SANK IN THE SEACORRODED(Repaired),2/25/2021,<p>CORRODED(Repaired)</p>,JIZAN,SEND,,,
84,AIS-23-05078,MKD UNIT,10.45-6020-03721,2/14/2021,1,REPLACING,TECH.Charles Zalun,SANK IN THE SEACORRODED(Changed Screen),2/25/2021,<p>CORRODED(Changed Screen)</p>,JIZAN,SEND,,,
85,AIS-23-05079,MKD INTERFACE CABLE(WATER RESISTANT),N/A,2/14/2021,1,FEXIED,TECH.Charles Zalun,SANK IN THE SEACONNECTOR DAMAGED(Fixed),2/25/2021,"<p data-last-history-steps=""4331786475042590"">CONNECTOR DAMAGED(Fixed)</p>",JIZAN,SEND,,,
86,AIS-23-05080,POWER INTERFACE CABLE (WATER RESISTANT),N/A,2/14/2021,1,REPLACING,TECH.Charles Zalun,SANK IN THE SEACONNECTOR DAMAGED(Replaced New),2/25/2021,<p>CONNECTOR DAMAGED(Replaced New)</p>,JIZAN,SEND,,,
87,AIS-23-05081,CONNECTOR VHF CABLE N-TYPE,N/A,2/14/2021,1,REPLACING,TECH.Charles Zalun,SANK IN THE SEACONNECTOR DAMAGED(Replaced 2pcs),2/25/2021,<p>CONNECTOR DAMAGED(Replaced 2pcs)</p>,JIZAN,SEND,,,
88,AIS-23-05082,CONNECTOR FOR GPS STRAIGHT TNC,N/A,2/14/2021,1,REPLACING,TECH.Charles Zalun,SANK IN THE SEACORRODED DAMAGED(Replaced 2pcs),2/25/2021,<p>CORRODED DAMAGED(Replaced 2pcs)</p>,JIZAN,SEND,,,
89,AIS-23-05083,AIS CLASS A_SECURE (SEALED) - VDL 6000 (BOAT-TRANSPONDER),"SYSTEM: 5.23-6100-15148,TRANSPNDER5.23-6000-10148, 1.01-6000-31103",3/2/2021,1,FEXIED,TECH.Charles Zalun,BOAT # 965BG MMSI# 403207110 - OKTEST AND WORKING GOOD,2/18/2021,<p>TEST AND WORKING GOOD</p>,TABUK,SEND,,,
90,AIS-23-05084,MKD UNIT,10.45-6020-03852,3/2/2021,1,FEXIED,TECH.Charles Zalun,BOAT # 965BG MMSI# 403207110 - OKTEST AND WORKING GOOD,3/18/2021,<p>TEST AND WORKING GOOD</p>,TABUK,SEND,,,
91,AIS-23-05085,AIS CLASS A SECURE SYSTEM - VDL 6000 (BOAT-TRANSPONDER)OPEN,0.45-6000-30782,3/2/2021,1,FEXIED,TECH.Charles Zalun,BOAT# 399M  MMSI# 403024000- OK1 LOCK SCREW BROKEN BOTH TRANSPONDER AND CUB (REPAIRED OK),3/18/2021,<p>1 LOCK SCREW BROKEN BOTH TRANSPONDER AND CUB (REPAIRED OK)</p>,TABUK,SEND,,,
92,AIS-23-05086,MKD UNIT,10.45-6020-03888,3/2/2021,1,FEXIED,TECH.Charles Zalun,BOAT# 399M  MMSI# 403024000 - OK1 LOCK SCREW BROKEN BOTH TRANSPONDER AND CUB (REPAIRED OK),3/18/2021,<p>1 LOCK SCREW BROKEN BOTH TRANSPONDER AND CUB (REPAIRED OK)</p>,TABUK,SEND,,,
93,AIS-23-05087,CONNECTION UNIT BOX,11.05-6040-02627,3/2/2021,1,FEXIED,TECH.Charles Zalun,BOAT# 399M  MMSI# 403024000 - OK1 LOCK SCREW BROKEN BOTH TRANSPONDER AND CUB (REPAIRED OK),3/18/2021,<p>1 LOCK SCREW BROKEN BOTH TRANSPONDER AND CUB (REPAIRED OK)</p>,TABUK,SEND,,,
94,AIS-23-05088,AIS CLASS A SECURE SYSTEM - VDL 6000 (BOAT-TRANSPONDER)OPEN,0.46-6000-30793,3/2/2021,1,FEXIED,TECH.Charles Zalun,BOAT # 400M MMSI# 403226000 - OKCLEAN AND TEST OK,3/18/2021,<p>CLEAN AND TEST OK</p>,TABUK,SEND,,,
95,AIS-23-05089,MKD UNIT,10.45-6020-03893,3/2/2021,1,FEXIED,TECH.Charles Zalun,BOAT # 400M MMSI# 403226000 - OKCLEAN AND TEST OK,3/18/2021,<p>CLEAN AND TEST OK</p>,TABUK,SEND,,,
96,AIS-23-05090,CONNECTION UNIT BOX,11.05-6040-02711,3/2/2021,1,FEXIED,TECH.Charles Zalun,BOAT # 400M MMSI# 403226000 - OKCLEAN AND TEST OK,3/18/2021,<p>CLEAN AND TEST OK</p>,TABUK,SEND,,,
97,AIS-23-05091,AIS CLASS A SECURE SYSTEM - VDL 6000 (BOAT-TRANSPONDER)OPEN,0.45-6000-30734,3/28/2021,1,DESTRUCTION,TECH.Charles Zalun,MMSI: 403206910OK (WORKSHOP RUH) TEST,,<p>OK (WORKSHOP RUH) TEST</p>,JEDDAH,SEND,,,
98,AIS-23-05092,AIS CLASS A_SECURE (SEALED) - VDL 6000 (BOAT-TRANSPONDER),"SYSTEM: 4.38-6100-15102, TRANSPONDER:4.38-6000-10102",4/11/2021,1,DESTRUCTION,TECH.Charles Zalun,BOAT # 697 MMSI# TRANSPONDER DAMAGEDNOT REPAIRABLE,,<p>NOT REPAIRABLE</p>,JEDDAH,SEND,,,
99,AIS-23-05093,MKD UNIT,10.45-6020-03825,4/11/2021,1,FEXIED,TECH.Charles Zalun,BOAT # 697 MMSI# TRANSPONDER DAMAGEDMKD REPAIRED (REPLACED PORT),,<p>MKD REPAIRED (REPLACED PORT)</p>,JEDDAH,SEND,,,
100,AIS-23-05094,MKD INTERFACE CABLE,N/A,4/11/2021,2,DESTRUCTION,TECH.Charles Zalun,BOAT # 697 MMSI# TRANSPONDER DAMAGEDNOT REPAIRABLE,,<p>NOT REPAIRABLE</p>,JEDDAH,SEND,,,
101,AIS-23-05095,AIS CLASS A SECURE SYSTEM - VDL 6000 (BOAT-TRANSPONDER)OPEN,0.46-6000-30842,4/15/2021,1,DESTRUCTION,TECH.Charles Zalun,BOAT # 447 MMSI#NOT REPAIRABLE (WS RUH),1/17/2022,<p>NOT REPAIRABLE (WS RUH)</p>,JIZAN,SEND,,,
102,AIS-23-05096,GPS ANTENNA,N/A,4/15/2021,1,DESTRUCTION,TECH.Charles Zalun,BOAT # 447 MMSI# RETURNED TO JIZANNOT REPAIRABLE (WS RUH),1/17/2022,<p>NOT REPAIRABLE (WS RUH)</p>,JIZAN,SEND,,,
103,AIS-23-05097,AIS CLASS A_SECURE (SEALED) - VDL 6000 (BOAT-TRANSPONDER),8.50-6100-15188/CLASS A TRANS 2.01-6000-30390,6/13/2021,1,DESTRUCTION,TECH.Charles Zalun,BOAT #1313CANNOT REPAIR (riyadhWORKSHOP),,<p>CANNOT REPAIR (Riyadh WORKSHOP)</p>,DAMAM,SEND,,,
104,AIS-23-05098,MKD UNIT,10.45-6020-03862,6/13/2021,1,FEXIED,TECH.Charles Zalun,BOAT#1173CLEANED PORT WORKING GOOD,,<p>CLEANED PORT WORKING GOOD</p>,DAMAM,SEND,,,
105,AIS-23-05099,MKD INTERFACE CABLE,N/A,6/13/2021,1,DESTRUCTION,TECH.Charles Zalun,N/ANEED TO REPLACE,,<p>NEED TO REPLACE</p>,DAMAM,SEND,,,
106,AIS-23-05100,POWER INTERFACE CABLE,N/A,6/13/2021,1,DESTRUCTION,TECH.Charles Zalun,N/ANEED TO REPLACE,,<p>NEED TO REPLACE</p>,DAMAM,SEND,,,
107,AIS-23-05101,AIS CLASS A_SECURE (SEALED) - VDL 6000 (BOAT-TRANSPONDER),"4.38-6100-15117, 4.38-6000-10117,0.50-6000-31033",7/1/2021,1,REPLACING,TECH.Charles Zalun,BOAT# 1471/1460 ALQAHMA NEED TO REPLACE,1/17/2022,<p>NEED TO REPLACE</p>,ABHA,SEND,,,
108,AIS-23-05102,AIS CLASS A_SECURE (SEALED) - VDL 6000 (BOAT-TRANSPONDER),"4.38-6100-15119, 4.38-6000-10119,0.48-6000-31005",7/1/2021,1,REPLACING,TECH.Charles Zalun,BOAT# 1463 ALQAHMANEED TO REPLACE,1/17/2021,<p>NEED TO REPLACE</p>,ABHA,SEND,,,
109,AIS-23-05103,AIS CLASS A_SECURE (SEALED) - VDL 6000 (BOAT-TRANSPONDER),"4.38-6100-15132, 4.38-6000-10132",7/1/2021,1,FEXIED,TECH.Charles Zalun,BOAT# 1458 ALQAHMACLEANED PORT WORKING GOOD,11/1/2021,<p>CLEANED PORT WORKING GOOD</p>,ABHA,SEND,,,
110,AIS-23-05104,MKD UNIT,10.20-6020-02937,7/1/2021,1,FEXIED,TECH.Charles Zalun,WORKING GOODCLEANED PORTS,11/1/2021,<p>CLEANED PORTS</p>,ABHA,SEND,,,
111,AIS-23-05105,MKD UNIT,N/A,7/1/2021,1,FEXIED,TECH.Charles Zalun,WORKING GOODFIXED LOCK SCREW,11/1/2021,<p>FIXED LOCK SCREW</p>,ABHA,SEND,,,
112,AIS-23-05106,MKD UNIT,10.20-6020-02932,7/1/2021,1,REPLACING,TECH.Charles Zalun,"WORKING GOODREPLACED SCREEN FROM OLD MKD, CLEAN THE PORT",11/1/2021,"<p>REPLACED SCREEN FROM OLD MKD, CLEAN THE PORT</p>",ABHA,SEND,,,
113,AIS-23-05107,MKD INTERFACE CABLE(WATER RESISTANT),N/A,7/1/2021,1,FEXIED,TECH.Charles Zalun,WORKING GOODFIXED WITH OLD PARTS,11/1/2021,<p>FIXED WITH OLD PARTS</p>,ABHA,SEND,,,
114,AIS-23-05108,MKD INTERFACE CABLE(WATER RESISTANT),N/A,7/1/2021,1,FEXIED,TECH.Charles Zalun,WORKING GOODFIXED,11/1/2021,<p>FIXED</p>,ABHA,SEND,,,
115,AIS-23-05109,POWER INTERFACE CABLE (WATER RESISTANT),N/A,7/1/2021,1,FEXIED,TECH.Charles Zalun,"REPAIRED OK WORKING GOODFIXED, LENGTH 1.2M",11/1/2021,"<p>FIXED, LENGTH 1.2M</p>",ABHA,SEND,,,
116,AIS-23-05110,AIS COMPUTER SYSTEM PC,CJFD7T2/27296056262,8/24/2021,1,FEXIED,TECH.Charles Zalun,REPAIRED AND WORKING GOODREFORMAT AND INSTALL HORIZON APP,9/21/2021,<p>REFORMAT AND INSTALL HORIZON APP</p>,DAMAM,SEND,,,
117,AIS-23-05111,AIS CLASS A SECURE SYSTEM - VDL 6000 (BOAT-TRANSPONDER)OPEN,4.38-6100-15120,9/30/2021,1,FEXIED,TECH.Charles Zalun,CLEANED PORTSTESTED OK BOAT # 2280 CLEANED PORTS,11/1/2021,<p>TESTED OK BOAT # 2280 CLEANED PORTS</p>,ABHA,SEND,,,
118,AIS-23-05112,MKD UNIT,10.45-6020-03735,9/30/2021,1,FEXIED,TECH.Charles Zalun,TESTOK TESTED,11/1/2021,<p>OK TESTED</p>,ABHA,SEND,,,
119,AIS-23-05113,FASS ADVANCE - VDL 6000,1.26-6500-01831,10/17/2021,1,REPLACING,TECH.Charles Zalun,IOLOGIK CONTROLLER ISSUEREPLACED IOLOGIK CONTROLLER (OK),11/1/2021,<p>REPLACED IOLOGIK CONTROLLER (OK)</p>,JIZAN,SEND,,,
120,AIS-23-05114,AIS CLASS A SECURE SYSTEM - VDL 6000 (BOAT-TRANSPONDER)OPEN,0.45-6000-30770,11/10/2021,1,FEXIED,TECH.Charles Zalun,NO SENTINEL/NOT SECUREOK (WORKSHOP RUH) not replace,,<p>OK (WORKSHOP RUH) not replace</p>,DAMAM,SEND,,,
121,AIS-23-05115,FASS ADVANCE - VDL 6000,1.26-6500-01830,11/11/2021,1,REPLACING,TECH.Charles Zalun,TEST AND WORKING GOOD CHANGED KONTRON PC AND TRANSFER NETWORK PORT TO PEER PORT,11/18/2021,<p>CHANGED KONTRON PC AND TRANSFER NETWORK PORT TO PEER PORT</p>,JEDDAH,SEND,,,
122,AIS-23-05116,AIS CLASS A SECURE SYSTEM - VDL 6000 (BOAT-TRANSPONDER)OPEN,0.46-6000-30814,12/5/2021,1,DESTRUCTION,TECH.Charles Zalun,TOTALLY DAMAGEDNOT REPAIRABLE,12/22/2021,<p>NOT REPAIRABLE</p>,JEDDAH,SEND,,,
123,AIS-23-05117,CONNECTION UNIT BOX,11.05--6040-02672,12/5/2021,1,DESTRUCTION,TECH.Charles Zalun,TOTALLY DAMAGEDNOT REPAIRABLE,12/22/2021,<p>NOT REPAIRABLE</p>,JEDDAH,SEND,,,
124,AIS-23-05118,MKD UNIT,10.45-6020-03718,12/5/2021,1,DESTRUCTION,TECH.Charles Zalun,TOTALLY DAMAGEDNOT REPAIRABLE,12/22/2021,<p>NOT REPAIRABLE</p>,JEDDAH,SEND,,,
125,AIS-23-05119,VHF ANTENNA (BOAT),AV57M,12/5/2021,1,DESTRUCTION,TECH.Charles Zalun,TOTALLY DAMAGEDNOT REPAIRABLE,12/22/2021,<p>NOT REPAIRABLE</p>,JEDDAH,SEND,,,
126,AIS-23-05120,MKD INTERFACE CABLE,N/A,12/5/2021,1,DESTRUCTION,TECH.Charles Zalun,TOTALLY DAMAGEDNOT REPAIRABLE,12/22/2021,<p>NOT REPAIRABLE</p>,JEDDAH,SEND,,,
127,AIS-23-05121,DATA INTERFACE CABLE,N/A,12/5/2021,1,DESTRUCTION,TECH.Charles Zalun,TOTALLY DAMAGEDNOT REPAIRABLE,12/22/2021,<p>NOT REPAIRABLE</p>,JEDDAH,SEND,,,
128,AIS-23-05122,POWER INTERFACE CABLE,N/A,12/5/2021,1,DESTRUCTION,TECH.Charles Zalun,TOTALLY DAMAGEDNOT REPAIRABLE,12/22/2021,<p>NOT REPAIRABLE</p>,JEDDAH,SEND,,,
129,AIS-23-05123,AIS COMPUTER SYSTEM PC,1GMC65J,12/12/2021,1,FEXIED,TECH.Charles Zalun,DELL PRECISION T3500SPARE AIS HORIZON COMPUTER FOR TABUK AREA,12/12/2021,<p>SPARE AIS HORIZON COMPUTER FOR TABUK AREA</p>,RIYADH,SEND,,,
130,AIS-23-05124,AIS COMPUTER SYSTEM PC,FJJMXR1,12/12/2021,1,FEXIED,TECH.Charles Zalun,DELL PRECISION T3500SPARE AIS HORIZON COMPUTER FOR DUBA,12/12/2021,<p>SPARE AIS HORIZON COMPUTER FOR DUBA</p>,RIYADH,SEND,,,
131,AIS-23-05125,AIS COMPUTER SYSTEM PC,4G9K22S,12/12/2021,1,FEXIED,TECH.Charles Zalun,DELL OPTIPLEX 750SPARE AIS HORIZON COMPUTER FOR JEDDAH AREA,12/12/2021,<p>SPARE AIS HORIZON COMPUTER FOR JEDDAH AREA</p>,RIYADH,SEND,,,
132,AIS-23-05126,AIS COMPUTER SYSTEM PC,JC9K22S,12/12/2021,1,FEXIED,TECH.Charles Zalun,DELL OPTIPLEX 750SPARE AIS HORIZON COMPUTER FOR JUBAIL,12/12/2021,<p>SPARE AIS HORIZON COMPUTER FOR JUBAIL</p>,RIYADH,SEND,,,
133,AIS-23-05127,AIS COMPUTER SYSTEM PC,8QD6KY1,12/12/2021,1,FEXIED,TECH.Charles Zalun,DELL OPTIPLEX 7010SPARE AIS HORIZON COMPUTER FOR MUDIRYA,12/12/2021,<p>SPARE AIS HORIZON COMPUTER FOR MUDIRYA</p>,RIYADH,SEND,,,
134,AIS-23-05128,AIS COMPUTER SYSTEM PC,94PRV22,12/12/2021,1,FEXIED,TECH.Charles Zalun,DELL OPTIPLEX 3020SEASCAPE COMPUTER FOR ABHA,12/12/2021,<p>SEASCAPE COMPUTER FOR ABHA</p>,RIYADH,SEND,,,
135,AIS-23-05129,FASS ADVANCE - VDL 6000,A: 9.51-6500-03212 B: 9.51-6500-03213 PAD: 9.51-6500-03187,6/9/2022,1,FEXIED,TCH.Amjad EL Anzi,ONLY FAS - B WORKINGTEST FAS-B AND WORKING GOOD FAS - A (CF CARD NOT WORKING),6/12/2022,<p>TEST FAS-B AND WORKING GOOD FAS - A (CF CARD NOT WORKING)</p>,DAMAM,SEND,,,
136,AIS-23-05130,FASS ADVANCE - VDL 6000,7.50-6500-02132,1/9/2022,1,FEXIED,TCH.Amjad EL Anzi,ILOGIK E1214 CONTROLLER (MOXA)REPLACED IOLOGIK CONTROLLER (OK),1/12/2022,<p>REPLACED IOLOGIK CONTROLLER (OK)</p>,DAMAM,SEND,,,
137,AIS-23-05131,AIS COMPUTER SYSTEM PC,HM9K22S/38351607940,1/17/2022,1,FEXIED,TCH.Amjad EL Anzi,TEST AND WORKING GOOD REFORMAT OS AND INSTALL HORIZON APPLICATION,1/19/2022,<p>REFORMAT OS AND INSTALL HORIZON APPLICATION</p>,DAMAM,SEND,,,
138,AIS-23-05132,FASS ADVANCE - VDL 6000,1.26-6500-01829,1/23/2022,1,FEXIED,TCH.Amjad EL Anzi,JUST CLEANEDTEST WORKING GOOD,2/1/2023,<p>TEST WORKING GOOD</p>,ABHA,SEND,,,
139,AIS-23-05133,WINDOWS SERVER POWER EDGE R230,"B7WRV22, 24422916602",1/26/2022,1,FEXIED,TCH.Amjad EL Anzi,"DOMAIN PASSWORDACTIVATE THE WINDOWS SERVER AND CHANGED IP, WORKING",2/1/2022,"<p>ACTIVATE THE WINDOWS SERVER AND CHANGED IP, WORKING</p>",ABHA,SEND,,,
140,AIS-23-05134,WINDOWS SERVER POWER EDGE R230,"88WRV22, 17953035770",1/26/2022,1,FEXIED,TCH.Amjad EL Anzi,"CHANGED GATEWAY AND IPCHANGED IP, WORKING",2/1/2022,"<p>CHANGED IP, WORKING</p>",ABHA,SEND,,,
141,AIS-23-05135,AIS CLASS A SECURE SYSTEM - VDL 6000 (BOAT-TRANSPONDER)OPEN,0.46-6000-30842,2/2/2022,1,DESTRUCTION,TCH.Amjad EL Anzi,"SCRAPNOT REPAIRABLE, SENTBACK TO JIZAN",6/14/2021,"<p>NOT REPAIRABLE, SENTBACK TO JIZAN</p>",JIZAN,SEND,,,
142,AIS-23-05136,CONNECTION UNIT BOX,"11.05-6040-02741, 10.42-6040-02275",2/2/2022,2,DESTRUCTION,TCH.Amjad EL Anzi,"SCRAPNOT REPAIRABLE, SENTBACK TO JIZAN",6/14/2022,"<p>NOT REPAIRABLE, SENTBACK TO JIZAN</p>",JIZAN,SEND,,,
143,AIS-23-05137,MKD UNIT,"10.34-6020-02956, 10.45-6020-03727",2/2/2022,2,DESTRUCTION,TCH.Amjad EL Anzi,"SCRAPNOT REPAIRABLE, SENTBACK TO JIZAN",6/14/2022,"<p>NOT REPAIRABLE, SENTBACK TO JIZAN</p>",JIZAN,SEND,,,
144,AIS-23-05138,WINDOWS SERVER POWER EDGE R230,68WRV22 / 13599471089,6/12/2022,1,FEXIED,TCH.Amjad EL Anzi,WITH DONGLE KEY SN:2443181-31107-06065REMOVED PASSWORD AND JOIN IN DOMAIN,6/14/2022,<p>REMOVED PASSWORD AND JOIN IN DOMAIN</p>,TABUK,SEND,,,
145,AIS-23-05139,WINDOWS SERVER POWER EDGE R230,ST: 70L6KY1,6/22/2022,1,FEXIED,TCH.Amjad EL Anzi,WITH DONGLE KEY SN:2348180-31107-05955INSTALLED AIS SOFTWARE AND CHANGE THE CONFIGURATION FOR THE HDD,6/27/2022,<p>INSTALLED AIS SOFTWARE AND CHANGE THE CONFIGURATION FOR THE HDD</p>,JEDDAH,SEND,,,
146,AIS-23-05140,AIS COMPUTER SYSTEM PC,ST: 28FD7T2,6/26/2022,1,DESTRUCTION,TCH.Amjad EL Anzi,WITH DONGLE KEY SN: 1846110-31107-06360MOTHERBOARD ISSUE NEED TO REPLACE,7/21/2022,<p>MOTHERBOARD ISSUE NEED TO REPLACE</p>,DAMAM,SEND,,,
147,AIS-23-05141,AIS CLASS A SECURE SYSTEM - VDL 6000 (BOAT-TRANSPONDER)OPEN,0.46-6000-30807,7/20/2022,1,FEXIED,TCH.Amjad EL Anzi,PORTS CORRODEDWORKING GOOD ,7/21/2022,<p>WORKING GOOD </p>,JEDDAH,SEND,,,
148,AIS-23-05142,MKD UNIT,10.45-6020-03900,7/20/2022,1,DESTRUCTION,TCH.Amjad EL Anzi,DAMAGEDNEED TO REPLACE,7/21/2022,<p>NEED TO REPLACE</p>,JEDDAH,SEND,,,
149,AIS-23-05143,CONNECTION UNIT BOX,12.06-6040-02812,7/20/2022,1,FEXIED,TCH.Amjad EL Anzi,CLEANED PORTSWORKING GOOD,7/21/2022,<p>WORKING GOOD</p>,JEDDAH,SEND,,,
150,AIS-23-05144,MKD INTERFACE CABLE,N/A,7/20/2022,1,DESTRUCTION,TCH.Amjad EL Anzi,NEED TO REPLACE,7/21/2022,<p>NEED TO REPLACE</p>,JEDDAH,SEND,,,
151,AIS-23-05145,DATA INTERFACE CABLE,N/A,7/20/2022,1,DESTRUCTION,TCH.Amjad EL Anzi,DAMAGEDNEED TO REPLACE,7/21/2022,<p>NEED TO REPLACE</p>,JEDDAH,SEND,,,
152,AIS-23-05146,POWER INTERFACE CABLE,N/A,7/20/2022,1,DESTRUCTION,TCH.Amjad EL Anzi,DAMAGEDNEED TO REPLACE,7/21/2022,<p>NEED TO REPLACE</p>,JEDDAH,SEND,,,
153,AIS-23-05147,MKD INTERFACE CABLE,N/A,7/20/2022,1,DESTRUCTION,TCH.Amjad EL Anzi,DAMAGEDNEED TO REPLACE,7/21/2022,<p>NEED TO REPLACE</p>,JEDDAH,SEND,,,
154,AIS-23-05148,CONNECTOR FOR GPS STRAIGHT TNC,N/A,,4,REPLACING,TCH.Amjad EL Anzi,REQUESTOK,7/27/2022,<p>OK</p>,JEDDAH,SEND,,,
155,AIS-23-05149,CONNECTOR VHF CABLE N-TYPE,NA/,,4,REPLACING,TCH.Amjad EL Anzi,REQUESTOK,7/27/2022,<p>OK</p>,JEDDAH,SEND,,,
156,AIS-23-05150,CABLE ROLLS FOR GPS 100M 240,N/A,,1,REPLACING,TCH.Amjad EL Anzi,REQUESTOK,7/27/2022,<p>OK</p>,JEDDAH,SEND,,,
157,AIS-23-05151,FASS ADVANCE - VDL 6000,1.40-6500-01850,9/11/2022,1,REPLACING,TCH.Amjad EL Anzi,CONTROLLER FAULTYREPLACED CONTROLLER SN: 351069010,9/19/2022,<p>REPLACED CONTROLLER SN: 351069010</p>,TABUK,SEND,,,
158,AIS-23-05152,FASS ADVANCE - VDL 6000,1.26-6500-01831,9/13/2022,1,REPLACING,TCH.Amjad EL Anzi,ALARM-DEGRADED TRANSMITTERREPLACED TX BOARD FROM AL-LTH (WORKING GOOD),9/19/2022,<p>REPLACED TX BOARD FROM AL-LTH (WORKING GOOD)</p>,JIZAN,SEND,,,
159,AIS-23-05153,CONNECTOR VHF CABLE N-TYPE,N/A,,2,FEXIED,TCH.Amjad EL Anzi,PARTS REQUESTEDSENT,9/26/2022,<p>SENT</p>,JIZAN,SEND,,,
160,AIS-23-05154,VHF ANTENNA (BOAT),2016026S316,,1,FEXIED,TCH.Amjad EL Anzi,PARTS REQUESTEDSENT,9/26/2022,<p>SENT</p>,JIZAN,SEND,,,
161,AIS-23-05155,AIS CLASS A_SECURE (SEALED) - VDL 6000 (BOAT-TRANSPONDER),0.50-6000-31031,12/4/2022,1,FEXIED,TCH.Amjad EL Anzi,BOAT 1552 ARAMCOCLEAN,12/5/2022,<p>CLEAN</p>,JIZAN,SEND,,,
162,AIS-23-05156,MKD UNIT,10.34-6020-02954,12/4/2022,1,FEXIED,TCH.Amjad EL Anzi,BOAT 1552 ARAMCOCLEAN,12/5/2022,<p>CLEAN</p>,JIZAN,SEND,,,
163,AIS-23-05157,MKD INTERFACE CABLE(WATER RESISTANT),N/A,12/4/2022,1,FEXIED,TCH.Amjad EL Anzi,BOAT 1552 ARAMCOCLEAN,12/5/2022,<p>CLEAN</p>,JIZAN,SEND,,,
164,AIS-23-05158,FASS ADVANCE - VDL 6000,3.47-6500-01981,1/23/2023,1,FEXIED,TCH.Amjad EL Anzi,CF CARD ISSUEWORKSHOP,2/15/2023,<p>WORKSHOP</p>,DAMAM,SEND,,,
165,AIS-23-05159,FASS ADVANCE - VDL 6000,"9.51-6500-03213, PAD: 03187,03197",1/12/2023,1,FEXIED,TCH.Amjad EL Anzi,CF CARD ISSUE FIXED (REPROGRAM) RESET LAN CONVERTER AND FOLLOW PROCEDURE ,2/15/2023,<p>FIXED (REPROGRAM) RESET LAN CONVERTER AND FOLLOW PROCEDURE </p>,DAMAM,SEND,,,
166,AIS-23-05160,FASS ADVANCE - VDL 6000,1.41-6500-01875,1/18/2023,1,FEXIED,TCH.Amjad EL Anzi,CF CARD ISSUEFIXED (REPROGRAM) RESET LAN CONVERTER AND FOLLOW PROCEDURE ,2/15/2023,<p>FIXED (REPROGRAM) RESET LAN CONVERTER AND FOLLOW PROCEDURE </p>,DAMAM,SEND,,,
167,AIS-23-05161,AIS CLASS A SECURE SYSTEM - VDL 6000 (BOAT-TRANSPONDER)OPEN,"0.15-6000-40186, 8.46-6000-40076",,2,FEXIED,TCH.Amjad EL Anzi,BOAT#2093 (40076) BOAT#2128 (40186)WORKING GOOD (2093) TEST,,<p>WORKING GOOD (2093) TEST</p>,JEDDAH,DONE,,,
168,AIS-23-05162,MKD UNIT,10.45-6020-03742,,1,FEXIED,TCH.Amjad EL Anzi,BOAT#2093KEYPAD NOT WORKING TEST,,<p>KEYPAD NOT WORKING TEST</p>,JEDDAH,IN progress,,,
169,AIS-23-05163,MKD UNIT,5.50-6020-01448,3/22/2023,1,DESTRUCTION,TCH.Amjad EL Anzi,SCRAPNOT WORKING,4/27/2023,<p>NOT WORKING</p>,JEDDAH,SEND,,,
170,AIS-23-05164,MKD UNIT,10.47-6020-4076,3/22/2023,1,FEXIED,TCH.Amjad EL Anzi,SEND BACK TO JEDDAH WORKING,4/11/2023,<p>WORKING</p>,JEDDAH,SEND,,,
171,AIS-23-05165,AIS CLASS A SECURE SYSTEM - VDL 6000 (BOAT-TRANSPONDER)OPEN,0.46-6000-30848,3/22/2023,1,FEXIED,TCH.Amjad EL Anzi,SEND BACK TO JEDDAH WORKING,4/11/2023,<p>WORKING</p>,JEDDAH,SEND,,,
172,AIS-23-05166,MKD INTERFACE CABLE(WATER RESISTANT),N/A,3/22/2023,1,FEXIED,TCH.Amjad EL Anzi,SCRAPCONNECTOR CUT/NOT WORKING,4/11/2023,<p>CONNECTOR CUT/NOT WORKING</p>,JEDDAH,SEND,,,
173,AIS-23-05167,AIS CLASS A_SECURE (SEALED) - VDL 6000 (BOAT-TRANSPONDER),8.52-6100-15220,3/22/2023,1,DESTRUCTION,TCH.Amjad EL Anzi,SCRAP NOT WORKING,4/11/2023,<p>NOT WORKING</p>,JEDDAH,SEND,,,
174,AIS-23-05168,AIS CLASS A_SECURE (SEALED) - VDL 6000 (BOAT-TRANSPONDER),4.38-6000-10122_30996(sealed transponder)/4.386100-15122(sealed system),4/11/2023,1,FEXIED,TCH.Amjad EL Anzi,BOAT# 1255WORKING (CLEAN),5/9/2023,<p>WORKING (CLEAN)</p>,JIZAN,SEND,,,
175,AIS-23-05169,MKD UNIT,10.34-6020-02962,4/11/2023,1,FEXIED,TCH.Amjad EL Anzi,BOAT# 1255WORKING (CLEAN),5/9/2023,<p>WORKING (CLEAN)</p>,JIZAN,SEND,,,
176,AIS-23-05170,MKD INTERFACE CABLE(WATER RESISTANT),N/A,4/11/2023,1,FEXIED,TCH.Amjad EL Anzi,BOAT# 1255DAMAGED (FIXED),5/9/2023,<p>DAMAGED (FIXED)</p>,JIZAN,SEND,,,
177,AIS-23-05171,AIS CLASS A_SECURE (SEALED) - VDL 6000 (BOAT-TRANSPONDER),8.52-6100-15223,5/14/2023,1,DESTRUCTION,TCH.Amjad EL Anzi,MINAN/A,5/22/2023,<p>N/A</p>,JEDDAH,SEND,,,
178,AIS-23-05172,AIS COMPUTER SYSTEM PC,GD4Y55J,7/10/2023,1,FEXIED,TCH.Amjad EL Anzi,STAT CABLEWORKING (CLEAN AND TEST),7/12/2023,<p>WORKING (CLEAN AND TEST)</p>,DAMAM,SEND,,,
179,AIS-23-05173,AIS COMPUTER SYSTEM PC,3476XBX,8/24/2023,1,FEXIED,TCH.Amjad EL Anzi,"WORKING GOODNEED TO CHECK , DELL OPTIPLEX 990 , INSTALL NEW SSD 480GB CLONE THE SYSTEM",8/29/2023,"<p>NEED TO CHECK , DELL OPTIPLEX 990 , INSTALL NEW SSD 480GB CLONE THE SYSTEM</p>",DAMAM,SEND,,,
180,AIS-23-05174,FASS ADVANCE - VDL 6000,"9.49-6500-03102,03135",8/24/2023,2,FEXIED,TCH.Amjad EL Anzi,WORKING GOOD RE-PROGRAM,8/29/2023,<p>RE-PROGRAM</p>,DAMAM,SEND,,,
181,AIS-23-05175,PAD,1.41-6500-01858,8/24/2023,1,FEXIED,TCH.Amjad EL Anzi,WORKING GOODCLEAN,8/29/2023,<p>CLEAN</p>,,SEND,,,
182,AIS-23-05176,CONNECTION UNIT BOX,11.05-6040-02665,9/3/2023,1,FEXIED,TCH.Amjad EL Anzi,"2 PCS. FUSE MISSINGINSTALL NEW FUSE, WORKING GOOD",9/7/2023,"<p>INSTALL NEW FUSE, WORKING GOOD</p>",JIZAN,SEND,,,
183,AIS-23-05178,AIS CLASS A_SECURE (SEALED) - VDL 6000 (BOAT-TRANSPONDER),"8.52-6100-15203, 4.38-6100-15108",9/5/2023,2,DESTRUCTION,TCH.Amjad EL Anzi,(BOAT#626-GOOD) BOAT#564 NOT-WORKINGSCRAP ALL SEND BACK,9/7/2023,<p>SCRAP ALL SEND BACK</p>,JEDDAH,SEND,,,
184,AIS-23-05181,CONNECTION UNIT BOX,10.42-6040-02323,3/14/2020,1,DESTRUCTION,TECH.Charles Zalun,SCRAP/NOT WORKING,,"<p data-last-history-steps=""3619020188420632,3751919424743791,1609756115565058""><br></p>",DAMAM,DONE,,,
185,AIS-23-05182,CONNECTION UNIT BOX,11.05-6040-02738,3/14/2022,1,DESTRUCTION,TECH.Charles Zalun,SCRAP/ NOT WORKING,,"<p data-last-history-steps=""4445107644246633,2240592622864322,1765888387733200,2970802848892251,1146022383314693,2303502791286994,2546046488938700,1376518843379986,1737673061171067,2765789250072080,2138381742871763,3988328501838778,2496194234175129,2771770005094999,4451498138015649,3725079429748025,882975513962378,775482840039513,4189883831337391,4053175996832973,2036191502312738,2733568163655495,3956985344438419,1591896359046504,1408538528645894,1215897086960823,884978267610305,4248297489860748,3903231753270665,385452417415436,3556892535308290,1010695778961885,551801442781056,2217071423299316"">NOT REPAIRABLE</p>",DAMAM,DONE,,,
186,AIS-23-05183,VHF ANTENNA (TOWER),20160826S293,3/14/2022,1,DESTRUCTION,TECH.Charles Zalun,SCRAPT / NOT WORKING,,"<p data-last-history-steps=""1180874443486231,3580598812194711,2905952096316117,510253207250037,1290872667903080,459391216519364,292773994966538,551503716171558,3852934642190675,424972039953101,4462961991964029,2849656440235374,4314750277872851,769422504020425,4241133115247331,3179874991655033,3455743533220790"">NOT REPAIRABLE</p>",DAMAM,DONE,,,
187,AIS-23-05184,AIS CLASS A_SECURE (SEALED) - VDL 6000 (BOAT-TRANSPONDER),4.38-6100-15127,3/14/2022,1,DESTRUCTION,TECH.Charles Zalun,SCRAP/DAMAGED,,"<p data-last-history-steps=""3386697677010810,4077529932746674,3704306487370751,3953238450716793,1366627482509340,3423059875388715,3600600842620795,1886199222062571,2168381779646411,550797657058570,832818472391320,3269160412528989,1624130768746427,489378285592756,1877939610159881,249809415906431,3484963289735131,1841451162949419,146749707848518,2642458439730997,3082307441644300"">NOT REPAIRABLE</p>",JEDDAH,DONE,,,
188,AIS-23-05185,MKD UNIT,10.45-6020-03842,3/14/2022,1,DESTRUCTION,TECH.Charles Zalun,SCRAP / NOT WORKING,,"<p data-last-history-steps=""763288320251751,3920471756414530,3855927648253626,1707748832874083,58014008801156,2084872419697532,2989402007376508,157267857290366,4214432321716079,4485417002803589,1988762917166479,607689917254100,2725502612083685,3269511061481414,1671216676400071,2418357169002001,4210677321977900,3432065091267297"">NOT REPAIRABLE</p>",JEDDAH,DONE,,,
189,AIS-23-05181,CONNECTION UNIT BOX,10.42-6040-02323,3/14/2020,1,DESTRUCTION,TECH.Charles Zalun,SCRAP/NOT WORKING,,,DAMAM,DONE,,,
190,AIS-23-05182,CONNECTION UNIT BOX,11.05-6040-02738,3/14/2022,1,DESTRUCTION,TECH.Charles Zalun,SCRAP/ NOT WORKING,,,DAMAM,DONE,,,
191,AIS-23-05183,VHF ANTENNA (TOWER),20160826S293,3/14/2022,1,DESTRUCTION,TECH.Charles Zalun,SCRAPT / NOT WORKING,,,DAMAM,DONE,,,
192,AIS-23-05184,AIS CLASS A_SECURE (SEALED) - VDL 6000 (BOAT-TRANSPONDER),4.38-6100-15127,3/14/2022,1,DESTRUCTION,TECH.Charles Zalun,SCRAP/DAMAGED,,,JEDDAH,DONE,,,
193,AIS-23-05185,MKD UNIT,10.45-6020-03842,3/14/2022,1,DESTRUCTION,TECH.Charles Zalun,SCRAP / NOT WORKING,,,JEDDAH,DONE,,,
194,AIS-23-05210,MKD UNIT,"4.38-6100-15120,4.38-6000-10120, 10.45-6020-03735",11/30/2020,1,FEXIED,e.g.Ahmed Elhassan,"WORKING GOOD SEND TO ASEER BY SMSA + GPS CABLE 21MFIXED CONNECTOR PORT (BOAT # 2280, 1459)",12/23/2020,"<p data-last-history-steps=""544171441635004"">FIXED CONNECTOR PORT (BOAT # 2280, 1459)</p>",ABHA,SEND,,,
195,AIS-23-05211,MKD UNIT,"4.38-6100-15120,4.38-6000-10120, 10.45-6020-03735",11/30/2020,1,FEXIED,e.g.Ahmed Elhassan,"WORKING GOOD SEND TO ASEER BY SMSA + GPS CABLE 21MFIXED CONNECTOR PORT (BOAT # 2280, 1459)",12/23/2020,"<p data-last-history-steps=""3414479070838667"">FIXED CONNECTOR PORT (BOAT # 2280, 1459)</p>",ABHA,SEND,,,
196,AIS-23-05212,MKD UNIT,10.20-6020-02944,9/5/2023,1,DESTRUCTION,TCH.Amjad EL Anzi, NOT REPAIRABLESCRAP ALL SEND BACK,9/7/2023,"<p data-last-history-steps=""888711699102006,2356735338239182"">SCRAP ALL SEND BACK</p>",JEDDAH,SEND,,,
197,AIS-23-05213,MKD INTERFACE CABLE(WATER RESISTANT),10.20-6020-02944,9/5/2023,1,DESTRUCTION,TCH.Amjad EL Anzi, NOT REPAIRABLESCRAP ALL SEND BACK,9/7/2023,"<p data-last-history-steps=""888711699102006,3684995923803127"">SCRAP ALL SEND BACK</p>",JEDDAH,SEND,,,
198,AIS-23-05214,MKD INTERFACE CABLE,10.34-6020-02950,9/13/2020,1,REPLACING,e.g.Ahmed Elhassan,"BOAT 1355BGREQUEST PARTS: MKD, CABLE SET(SEALED), REPLACED(OK)",10/13/2020,"<p data-last-history-steps=""2357771164471696"">REQUEST PARTS: MKD, CABLE SET(SEALED), REPLACED(OK)</p>",JIZAN,SEND,,,
199,AIS-23-05215,MKD INTERFACE CABLE,10.42-6040-02174,3/4/2020,1,FEXIED,e.g.Ahmed Elhassan,WORKING GOOD. (MKD INTERFACE CABLE IS CUT)FIX CUT CABLE,10/12/2020,"<p data-last-history-steps=""694766045387588"">FIX CUT CABLE</p>",JIZAN,SEND,,,
200,AIS-23-05216,CONNECTION UNIT BOX,10.42-6040-02273,2/4/2021,1,REPLACING,TECH.Charles Zalun,SOMETIMES NO POWER OUTPUT FOR MKDCHANGED BOARD FROM OLD SPARE (ok),2/25/2021,"<p data-last-history-steps=""3521383045636357"">CHANGED BOARD FROM OLD SPARE (ok)</p>",JEDDAH,SEND,,,
201,AIS-23-05217,CABLE ROLLS FOR VHF ANTENNA 100M RG214,N/A,3/4/2020,1,FEXIED,e.g.Ahmed Elhassan,NEED TO REPLACE CABLES 2PCS. (CABLES ARE OLD AND NOT ADVISABLE TO USE) REMOVE FROM BOAT 433,10/12/2020,"<p data-last-history-steps=""2065726997247975"">REMOVE FROM BOAT 433</p>",JIZAN,SEND,,,
